,network,N,L,<k>,DMP_betac,LS,alphac_p
0,Assort_p0.5_G.edgelist,379,914,4.823218997361478,0.13152971817010234,0.21767150650200193,0.572476062100265
1,Assort_p1.0_G.edgelist,379,914,4.823218997361478,0.10427817033742455,0.3306058663514904,0.8694934285044198
2,Dissort_p0.5_G.edgelist,379,914,4.823218997361478,0.16573514590727229,0.13605930656172066,0.35783597625732533
3,Dissort_p1.0_G.edgelist,379,914,4.823218997361478,0.1825356504040606,0.10718643357414007,0.28190032029998835
4,G_original.edgelist,379,914,4.823218997361478,0.11478591023424733,0.577416763656231,1.5186060884158874
