,network,N,L,<k>,DMP_betac,LS,alphac_p,alphac_r
0,Assort_p0.5_G.edgelist,379,914,4.823218997,0.131529718,0.217671507,0.550708911,
1,Assort_p1.0_G.edgelist,379,914,4.823218997,0.10427817,0.330605866,0.836432842,1.17
2,Dissort_p0.5_G.edgelist,379,914,4.823218997,0.165735146,0.136059307,0.344230046,
3,Dissort_p1.0_G.edgelist,379,914,4.823218997,0.18253565,0.107186434,0.271181677,0.58
4,G_original.edgelist,379,914,4.823218997,0.11478591,0.577416764,1.460864412,
